Store_ID,Product_ID,Date,Weekly_Sales,Inventory_Level,Cost,Category,Prev_Week_Sales,Sales_Change,New_Inventory,Old_Cost,New_Cost,Cost_Saved
1,101,2024-01-01,500,800,20,Electronics,,,800.0,16000,16000.0,0.0
1,101,2024-01-08,480,750,20,Electronics,500.0,-0.04,750.0,15000,15000.0,0.0
1,101,2024-01-15,350,700,20,Electronics,480.0,-0.2708333333333333,489.99999999999994,14000,9799.999999999998,4200.000000000002
1,101,2024-01-22,300,650,20,Electronics,350.0,-0.14285714285714285,454.99999999999994,13000,9099.999999999998,3900.000000000002
1,102,2024-01-01,200,400,15,Grocery,,,400.0,6000,6000.0,0.0
1,102,2024-01-08,220,380,15,Grocery,200.0,0.1,380.0,5700,5700.0,0.0
1,102,2024-01-15,180,350,15,Grocery,220.0,-0.18181818181818182,244.99999999999997,5250,3674.9999999999995,1575.0000000000005
1,102,2024-01-22,150,300,15,Grocery,180.0,-0.16666666666666666,210.0,4500,3150.0,1350.0
1,104,2024-01-01,100,200,10,Home,,,200.0,2000,2000.0,0.0
1,104,2024-01-08,110,190,10,Home,100.0,0.1,190.0,1900,1900.0,0.0
1,104,2024-01-15,90,180,10,Home,110.0,-0.18181818181818182,125.99999999999999,1800,1259.9999999999998,540.0000000000002
1,104,2024-01-22,70,160,10,Home,90.0,-0.2222222222222222,112.0,1600,1120.0,480.0
2,101,2024-01-01,600,900,20,Electronics,,,900.0,18000,18000.0,0.0
2,101,2024-01-08,580,850,20,Electronics,600.0,-0.03333333333333333,850.0,17000,17000.0,0.0
2,101,2024-01-15,400,800,20,Electronics,580.0,-0.3103448275862069,560.0,16000,11200.0,4800.0
2,101,2024-01-22,320,750,20,Electronics,400.0,-0.2,525.0,15000,10500.0,4500.0
2,103,2024-01-01,300,500,25,Apparel,,,500.0,12500,12500.0,0.0
2,103,2024-01-08,310,480,25,Apparel,300.0,0.03333333333333333,480.0,12000,12000.0,0.0
2,103,2024-01-15,250,450,25,Apparel,310.0,-0.1935483870967742,315.0,11250,7875.0,3375.0
2,103,2024-01-22,200,400,25,Apparel,250.0,-0.2,280.0,10000,7000.0,3000.0
