Store_ID,Product_ID,Date,Weekly_Sales,Inventory_Level,Cost,Category
1,101,2024-01-01,500,800,20,Electronics
1,101,2024-01-08,480,750,20,Electronics
1,101,2024-01-15,350,700,20,Electronics
1,101,2024-01-22,300,650,20,Electronics
1,102,2024-01-01,200,400,15,Grocery
1,102,2024-01-08,220,380,15,Grocery
1,102,2024-01-15,180,350,15,Grocery
1,102,2024-01-22,150,300,15,Grocery
2,101,2024-01-01,600,900,20,Electronics
2,101,2024-01-08,580,850,20,Electronics
2,101,2024-01-15,400,800,20,Electronics
2,101,2024-01-22,320,750,20,Electronics
2,103,2024-01-01,300,500,25,Apparel
2,103,2024-01-08,310,480,25,Apparel
2,103,2024-01-15,250,450,25,Apparel
2,103,2024-01-22,200,400,25,Apparel
1,104,2024-01-01,100,200,10,Home
1,104,2024-01-08,110,190,10,Home
1,104,2024-01-15,90,180,10,Home
1,104,2024-01-22,70,160,10,Home